<?xml version="1.0" encoding="UTF-8"?>
<jcr:root xmlns:cq="http://www.day.com/jcr/cq/1.0" xmlns:jcr="http://www.jcp.org/jcr/1.0"
    jcr:primaryType="cq:Dialog"
    title="Accordion Component"
    xtype="dialog">
    <items
        jcr:primaryType="cq:Widget"
        xtype="tabpanel">
        <items jcr:primaryType="cq:WidgetCollection">
            <tab1
                jcr:primaryType="cq:Panel"
                title="Accordion Component">
                <items jcr:primaryType="cq:WidgetCollection">
                    <map
                        jcr:primaryType="cq:Widget"
                        hideLabel="false"
                        name="./myCarousel"
                        title="Accordions"
                        xtype="multifield">
                        <fieldConfig
                            jcr:primaryType="cq:Widget"
                            border="true"
                            hideLabel="true"
                            layout="form"
                            padding="10px"
                            width="1000"
                            xtype="multi-field-panel">
                            <items jcr:primaryType="cq:WidgetCollection">
                                <caption
                                    jcr:primaryType="cq:Widget"
                                    dName="caption"
                                    fieldLabel="Title"
                                    height="100"
                                    xtype="richtext"/>
                                <label
                                    jcr:primaryType="cq:Widget"
                                    dName="label"
                                    fieldLabel="Boody"
                                    height="100"
                                    xtype="richtext"/>
                            </items>
                        </fieldConfig>
                    </map>
                </items>
            </tab1>
        </items>
    </items>
</jcr:root>
